number,state,values,param_d2d_bw_gbps,param_dram_bw_gbps,param_io_sram_mb,param_num_pim_chiplets,param_num_sa,param_pe_m,param_pe_n,param_process_node,param_sa_m,param_sa_n,constraint_area_mm2,constraint_power_w,constraint_sram_mb,constraint_tpot_ms,hw_d2d_bw_gbps,hw_dram_bw_gbps,hw_io_sram_mb,hw_num_pim_chiplets,hw_num_sa,hw_pe_m,hw_pe_n,hw_process_node,hw_sa_m,hw_sa_n,mapping_io_buffer_peak_mb,mapping_mapping_latency_ms,mapping_tile_k,mapping_tile_n,mapping_utilization,ppac_area_mm2,ppac_cost_usd,ppac_energy_per_token_j,ppac_power_w,ppac_tokens_per_dollar,ppac_tokens_per_second,ppac_tpot_ms
0,COMPLETE,"[0.020036629219263264, 1.0333744063304406, 2.603888562076194]",768,512,64,4,4,8,8,7nm,16,8,3625.8399999999992,1869.7920000000004,14.560000000000002,-16.96662559366956,768,512,64,4,4,8,8,7nm,16,8,78.56,0.2534723885322655,128,64,0.7447916666666666,4575.839999999999,48296.719999999994,2.603888562076194,2519.7920000000004,0.020036629219263264,967.7034711465764,1.0333744063304406
1,COMPLETE,"[0.018624442378962606, 5.468107916226893, 3.2041362594556406]",1536,1024,64,12,1,4,4,7nm,8,8,-55.43999999999994,-64.03199999999993,60.31999999999999,-12.531892083773107,1536,1024,64,12,1,4,4,7nm,8,8,124.32,0.5679742981603891,64,64,0.7911111111111111,894.5600000000001,9819.28,3.2041362594556406,585.9680000000001,0.018624442378962606,182.87861456289994,5.468107916226893
2,COMPLETE,"[0.056499846866460264, 2.9808514210722996, 1.2722502794525712]",1024,3072,64,4,2,4,4,12nm,16,8,34.799999999999955,-223.19232,19.680000000000007,-15.0191485789277,1024,3072,64,4,2,4,4,12nm,16,8,83.68,0.6314768569261532,128,64,0.96,984.8,5937.62,1.2722502794525712,426.80768,0.056499846866460264,335.4746207512318,2.9808514210722996
3,COMPLETE,"[0.026577462134829765, 6.902585199043353, 2.509364718846588]",768,2048,512,8,1,4,4,12nm,8,8,-91.856,-286.46016000000003,-418.24,-11.097414800956647,768,2048,512,8,1,4,4,12nm,8,8,93.76,0.6546155018206341,64,64,0.8933333333333333,858.144,5450.9816,2.509364718846588,363.53983999999997,0.026577462134829765,144.87325707165377,6.902585199043353
4,COMPLETE,"[0.012106356837593037, 1.5508615462520356, 3.822568501958965]",512,1024,128,24,1,4,2,3nm,32,16,1433.1616000000004,1814.8031999999998,21.439999999999998,-16.449138453747963,512,1024,128,24,1,4,2,3nm,32,16,149.44,0.6467531677979299,256,128,0.6101234567901235,2383.1616000000004,53261.513280000014,3.822568501958965,2464.8032,0.012106356837593037,644.8028854778805,1.5508615462520356
5,COMPLETE,"[0.01697112504069967, 0.7498149740116538, 2.7762181343211707]",512,1536,128,16,2,8,4,3nm,8,16,2589.5648,3052.5376,-8.960000000000008,-17.250185025988348,512,1536,128,16,2,8,4,3nm,8,16,119.03999999999999,0.284092461920276,64,128,0.5928935185185185,3539.5648,78584.20384000002,2.7762181343211707,3702.5376,0.01697112504069967,1333.6623495924714,0.7498149740116538
6,COMPLETE,"[0.008656834375271026, 0.2817661228553258, 5.646032455060116]",256,3072,384,32,4,4,4,5nm,16,32,25913.161599999996,19388.010239999996,-209.28,-17.718233877144673,256,3072,384,32,4,4,4,5nm,16,32,174.72,0.20971609676130792,128,256,0.5440046296296297,26863.161599999996,409970.03536,5.646032455060116,20038.010239999996,0.008656834375271026,3549.042694935526,0.2817661228553258
7,COMPLETE,"[0.020331313063691618, 8.845064069379251, 2.7799654263291194]",256,1024,512,8,1,2,2,12nm,32,16,-72.84800000000007,-335.70431999999994,-428.48,-9.154935930620749,256,1024,512,8,1,2,2,12nm,32,16,83.52000000000001,1.3000334102070505,256,128,0.9060185185185186,877.1519999999999,5560.7528,2.7799654263291194,314.29568000000006,0.020331313063691618,113.05740604659975,8.845064069379251
8,COMPLETE,"[0.01187175472230731, 0.8132447363057607, 4.114304792245725]",256,1024,256,8,4,4,4,5nm,32,16,5826.4544,4409.12256,-172.48,-17.186755263694238,256,1024,256,8,4,4,4,5nm,32,16,83.52000000000001,0.38740024922558264,256,128,0.6376851851851852,6776.4544,103577.11824000001,4.114304792245725,5059.12256,0.01187175472230731,1229.6421425887027,0.8132447363057607
9,COMPLETE,"[0.04354114972402609, 3.0733242276497115, 1.328610356909881]",768,2048,512,4,4,2,2,7nm,8,32,-277.072,-217.69599999999997,-433.44,-14.926675772350288,768,2048,512,4,4,2,2,7nm,8,32,78.56,0.8930431353897004,64,256,0.96,672.928,7472.9439999999995,1.328610356909881,432.30400000000003,0.04354114972402609,325.3805735832624,3.0733242276497115
10,COMPLETE,"[0.030948117770536604, 6.882376876539123, 2.1132046386633814]",768,1536,64,12,1,2,2,12nm,16,16,-210.86399999999992,-342.95423999999997,44.959999999999994,-11.117623123460877,768,1536,64,12,1,2,2,12nm,16,16,108.96,1.0311973892303818,128,128,0.96,739.1360000000001,4694.910400000001,2.1132046386633814,307.04576000000003,0.030948117770536604,145.29863998131714,6.882376876539123
11,COMPLETE,"[0.01416807688948281, 3.9250964116714573, 3.927796878002687]",256,3072,64,16,2,8,2,7nm,8,8,713.5840000000001,350.6879999999999,49.92,-14.074903588328542,256,3072,64,16,2,8,2,7nm,8,8,113.92,0.41460003588462185,64,64,0.5567592592592592,1663.584,17982.032000000003,3.927796878002687,1000.6879999999999,0.01416807688948281,254.77081200514039,3.9250964116714573
12,COMPLETE,"[0.01745178133873132, 1.3695797576036652, 3.037158157185767]",256,3072,128,24,1,4,4,7nm,16,16,2966.704,1567.5840000000003,16.319999999999993,-16.630420242396333,256,3072,128,24,1,4,4,7nm,16,16,144.32,0.455073087236004,128,128,0.6161728395061729,3916.704,41838.192,3.037158157185767,2217.5840000000003,0.01745178133873132,730.1509783918581,1.3695797576036652
13,COMPLETE,"[0.015092503794148417, 0.512913140108013, 3.073557722274581]",1024,512,256,16,4,8,2,3nm,32,8,4882.121600000001,5342.355200000001,-126.72,-17.48708685989199,1024,512,256,16,4,8,2,3nm,32,8,129.28,0.26491736187597015,256,64,0.6818287037037036,5832.121600000001,129179.88128000005,3.073557722274581,5992.355200000001,0.015092503794148417,1949.6478483460428,0.512913140108013
14,COMPLETE,"[0.007587804236378345, 0.6838437441035172, 6.099621413105657]",256,1024,384,24,2,2,8,3nm,32,16,7753.750400000001,8269.6128,-239.68,-17.316156255896484,256,1024,384,24,2,2,8,3nm,32,16,144.32,0.36000587769496434,256,128,0.49228395061728397,8703.7504,192720.09632000004,6.099621413105657,8919.6128,0.007587804236378345,1462.322363292139,0.6838437441035172
15,COMPLETE,"[0.030168267349629456, 0.9254484123695658, 1.5389363088753798]",1024,3072,512,8,2,2,4,3nm,32,16,651.9264000000003,1012.9088000000002,-413.12,-17.074551587630435,1024,3072,512,8,2,2,4,3nm,32,16,98.88000000000001,0.6347917188462603,256,128,0.95,1601.9264000000003,35817.67712000001,1.5389363088753798,1662.9088000000002,0.030168267349629456,1080.5572591988662,0.9254484123695658
16,COMPLETE,"[0.027390551245722556, 1.3011175525091505, 1.8355966579143026]",768,1536,64,4,4,8,2,5nm,32,8,876.5536,760.7846399999999,14.560000000000002,-16.69888244749085,768,1536,64,4,4,8,2,5nm,32,8,78.56,0.5094446960221343,256,64,0.7375,1826.5536,28059.67856,1.8355966579143026,1410.7846399999999,0.027390551245722556,768.5700635361825,1.3011175525091505
17,COMPLETE,"[0.0535420471740269, 0.9973567419602469, 1.0750535449692884]",1536,3072,128,8,2,8,2,12nm,16,16,2230.192,427.90272000000004,-18.879999999999995,-17.002643258039754,1536,3072,128,8,2,8,2,12nm,16,16,109.12,0.4906756348305388,128,128,0.7949999999999999,3180.192,18726.4088,1.0750535449692884,1077.90272,0.0535420471740269,1002.6502633697125,0.9973567419602469
18,COMPLETE,"[0.01458127020404445, 1.8472247713377619, 3.521815304445382]",512,512,256,24,4,4,2,7nm,8,16,2513.712,1256.5439999999999,-106.56,-16.15277522866224,512,512,256,24,4,4,2,7nm,8,16,149.44,0.3359224690832721,64,128,0.5654012345679013,3463.712,37126.576,3.521815304445382,1906.5439999999999,0.01458127020404445,541.3526364069918,1.8472247713377619
19,COMPLETE,"[0.01482243202061815, 0.5088973379879397, 3.3964570461968466]",1536,1536,64,16,2,8,4,12nm,16,32,21917.04,6024.14976,75.51999999999998,-17.49110266201206,1536,1536,64,16,2,8,4,12nm,16,32,139.51999999999998,0.25881231524636655,128,256,0.714375,22867.04,132571.556,3.3964570461968466,6674.14976,0.01482243202061815,1965.0328766775724,0.5088973379879397
20,COMPLETE,"[0.010871041226552886, 2.822819353673646, 4.194565031208128]",256,512,128,8,4,2,2,3nm,32,16,511.51040000000035,835.9487999999997,-44.47999999999999,-15.177180646326354,256,512,128,8,4,2,2,3nm,32,16,83.52000000000001,0.7634126302947838,256,128,0.6568518518518518,1461.5104000000003,32587.10432000001,4.194565031208128,1485.9487999999997,0.010871041226552886,354.2557545166997,2.822819353673646
21,COMPLETE,"[0.03167871729395036, 1.0853945982404067, 1.44787471490013]",768,2048,512,12,4,2,4,3nm,8,16,342.52480000000014,683.9615999999999,-403.04,-16.914605401759594,768,2048,512,12,4,2,4,3nm,8,16,108.96,0.4075772492167273,64,128,0.7681481481481481,1292.5248000000001,29083.371840000003,1.44787471490013,1333.9615999999999,0.03167871729395036,921.3239144741971,1.0853945982404067
22,COMPLETE,"[0.035392316920695756, 1.4117377704591938, 1.3311761075452777]",1024,2048,256,4,2,4,4,3nm,16,16,-56.7328,292.9344000000001,-172.32,-16.588262229540806,1024,2048,256,4,2,4,4,3nm,16,16,83.68,0.6546155018206341,128,128,0.8933333333333333,893.2672,20014.14176,1.3311761075452777,942.9344000000001,0.035392316920695756,708.3468480656514,1.4117377704591938
23,COMPLETE,"[0.025023966177020622, 4.380279278311535, 2.2202731572118126]",256,1536,128,8,1,2,2,12nm,32,32,567.2800000000004,-143.12064000000004,-44.47999999999999,-13.619720721688465,256,1536,128,8,1,2,2,12nm,32,32,83.52000000000001,1.3000334102070505,256,256,0.9060185185185186,1517.2800000000004,9123.092000000002,2.2202731572118126,506.87935999999996,0.025023966177020622,228.29594563784747,4.380279278311535
24,COMPLETE,"[0.0185062806529241, 0.41520730161432085, 2.5072023853649323]",1024,2048,256,32,4,2,4,3nm,32,8,4909.769600000001,5388.435200000001,-65.92000000000002,-17.58479269838568,1024,2048,256,32,4,2,4,3nm,32,8,190.07999999999998,0.2783328516101081,256,64,0.6176851851851852,5859.769600000001,130141.51968000004,2.5072023853649323,6038.435200000001,0.0185062806529241,2408.435487796126,0.41520730161432085
25,COMPLETE,"[0.028044123784050794, 0.3939145186677493, 1.8527154878888465]",1536,2048,256,16,4,8,2,7nm,16,16,7615.792000000001,4053.344,-116.48000000000002,-17.60608548133225,1536,2048,256,16,4,8,2,7nm,16,16,139.51999999999998,0.2616120261092864,128,128,0.6991666666666667,8565.792000000001,90522.41600000003,1.8527154878888465,4703.344,0.028044123784050794,2538.6218395353408,0.3939145186677493
26,COMPLETE,"[0.012961994617461527, 0.3635039818562569, 3.782577767826919]",512,512,256,8,4,8,8,5nm,32,8,12963.3248,9755.877120000001,-167.36,-17.636496018143742,512,512,256,8,4,8,8,5nm,32,8,88.64,0.17988033494710873,256,64,0.7394328703703704,13913.3248,212235.97008000003,3.782577767826919,10405.877120000001,0.012961994617461527,2751.001501808686,0.3635039818562569
27,COMPLETE,"[0.008254676997325239, 0.11901521621566441, 5.996085385095848]",768,2048,384,32,4,8,8,12nm,32,16,175137.2,49730.83007999999,-199.04000000000002,-17.880984783784335,768,2048,384,32,4,8,8,12nm,32,16,184.95999999999998,0.1005784038787426,256,128,0.5912847222222223,176087.2,1017881.9800000002,5.996085385095848,50380.83007999999,0.008254676997325239,8402.28696629787,0.11901521621566441
28,COMPLETE,"[0.015457264224410952, 0.4970881930474906, 3.327635618837322]",1024,2048,256,12,2,4,4,7nm,32,32,11397.936,6044.256,-141.92000000000002,-17.50291180695251,1024,2048,256,12,2,4,4,7nm,32,32,114.08,0.40161847776888115,256,256,0.7911111111111111,12347.936,130146.928,3.327635618837322,6694.256,0.015457264224410952,2011.715454091388,0.4970881930474906
29,COMPLETE,"[0.019554823526646396, 0.4737812696392165, 2.5113527424807813]",768,2048,192,32,4,4,2,5nm,16,16,6079.5743999999995,4650.65856,-7.0400000000000205,-17.52621873036078,768,2048,192,32,4,4,2,5nm,16,16,184.95999999999998,0.28525868974595436,128,128,0.5880555555555556,7029.5743999999995,107936.47024,2.5113527424807813,5300.65856,0.019554823526646396,2110.6786276323205,0.4737812696392165
30,COMPLETE,"[0.03775633872950506, 2.0796072658630798, 1.362812891785669]",1024,1536,192,12,2,2,2,5nm,32,8,-144.4384,5.322239999999965,-77.92,-15.92039273413692,1024,1536,192,12,2,2,2,5nm,32,8,114.08,0.7558848723836902,256,64,0.8933333333333333,805.5616,12735.87536,1.362812891785669,655.32224,0.03775633872950506,480.86002410891723,2.0796072658630798
31,COMPLETE,"[0.032146104550565394, 2.4495790211867368, 1.6768054282149145]",512,1536,384,4,4,4,2,7nm,8,32,224.9440000000002,34.52800000000002,-310.56,-15.550420978813264,512,1536,384,4,4,4,2,7nm,8,32,73.44,0.6770953284673698,64,256,0.835,1174.9440000000002,12699.312000000002,1.6768054282149145,684.528,0.032146104550565394,408.2334112722497,2.4495790211867368
32,COMPLETE,"[0.015148058490664217, 0.7616303571540385, 3.398443397964177]",1024,512,64,4,4,8,4,7nm,32,16,7281.008,3812.0639999999994,19.680000000000007,-17.23836964284596,1024,512,64,4,4,8,4,7nm,32,16,83.68,0.36724962110851156,256,128,0.7095833333333332,8231.008,86675.984,3.398443397964177,4462.063999999999,0.015148058490664217,1312.9728753678758,0.7616303571540385
33,COMPLETE,"[0.013726642732649473, 0.35368601553854895, 3.397851931019217]",1024,1024,512,24,2,8,4,3nm,16,16,8352.9184,8956.9728,-352.32000000000005,-17.64631398446145,1024,1024,512,24,2,8,4,3nm,16,16,159.67999999999998,0.22603009222243955,128,128,0.6244135802469135,9302.9184,205976.55072000003,3.397851931019217,9606.9728,0.013726642732649473,2827.366523036894,0.35368601553854895
34,COMPLETE,"[0.0071552750118984015, 1.7782910773335547, 6.55346070775567]",512,1024,64,32,1,8,2,3nm,8,32,2574.9088,3035.2576,115.84,-16.221708922666444,512,1024,64,32,1,8,2,3nm,8,32,179.84,0.429654835153707,64,256,0.5184259259259258,3524.9088,78590.63904,6.55346070775567,3685.2576,0.0071552750118984015,562.3376356920389,1.7782910773335547
35,COMPLETE,"[0.015179134773605963, 0.5059412689649487, 3.395643040543937]",768,3072,192,12,2,8,2,7nm,32,32,11406.32,6061.536000000001,-83.04,-17.49405873103505,768,3072,192,12,2,8,2,7nm,32,32,108.96,0.411464245776988,256,256,0.7537037037037038,12356.32,130212.56,3.395643040543937,6711.536000000001,0.015179134773605963,1976.5139974562528,0.5059412689649487
36,COMPLETE,"[0.011029085445713205, 0.5069131509991467, 4.643997643816711]",768,1024,128,32,4,8,2,7nm,32,8,16000.176000000003,8511.328,56.95999999999998,-17.493086849000854,768,1024,128,32,4,8,2,7nm,32,8,184.95999999999998,0.21173486385085818,256,64,0.5336805555555555,16950.176000000003,178865.64800000002,4.643997643816711,9161.328,0.011029085445713205,1972.7245150948615,0.5069131509991467
37,COMPLETE,"[0.03624398543498097, 1.6931189037320955, 1.4286813626696513]",1024,2048,192,8,1,4,2,5nm,16,32,95.16480000000001,193.81632000000013,-93.11999999999999,-16.306881096267904,1024,2048,192,8,1,4,2,5nm,16,32,98.88000000000001,0.8930431353897004,128,256,0.96,1045.1648,16295.83408,1.4286813626696513,843.8163200000001,0.03624398543498097,590.6259730463864,1.6931189037320955
38,COMPLETE,"[0.018536381410049995, 1.8965386626315572, 2.6501181347809744]",256,1536,384,4,1,2,8,5nm,32,32,894.5376000000001,747.3446399999998,-315.68,-16.103461337368444,256,1536,384,4,1,2,8,5nm,32,32,68.32000000000001,0.9187461718989256,256,256,0.9070370370370371,1844.5376,28445.484960000005,2.6501181347809744,1397.3446399999998,0.018536381410049995,527.2763586124008,1.8965386626315572
39,COMPLETE,"[0.01013304982534878, 0.32151077233069447, 4.673734708713425]",1536,2048,64,32,2,8,8,3nm,8,16,12931.235200000001,13886.790400000002,136.32,-17.678489227669306,1536,2048,64,32,2,8,8,3nm,8,16,200.32,0.13238678775805587,64,128,0.6825694444444445,13881.235200000001,306947.63616000005,4.673734708713425,14536.790400000002,0.01013304982534878,3110.3156909823097,0.32151077233069447
40,COMPLETE,"[0.005053163095853008, 0.4020169366913157, 9.18530741215293]",1536,2048,128,32,2,4,4,3nm,32,32,21334.294400000002,22198.060799999996,72.32,-17.597983063308686,1536,2048,128,32,2,4,4,3nm,32,32,200.32,0.26202877193476687,256,256,0.6969444444444445,22284.294400000002,492257.49152000004,9.18530741215293,22848.060799999996,0.005053163095853008,2487.4573898060394,0.4020169366913157
41,COMPLETE,"[0.02464727701052043, 7.386558441798318, 2.6285795052489984]",1024,1536,384,16,1,4,2,12nm,8,8,-107.34399999999994,-294.14016000000004,-254.72,-10.613441558201682,1024,1536,384,16,1,4,2,12nm,8,8,129.28,0.6782998574666049,64,64,0.832037037037037,842.6560000000001,5492.7384,2.6285795052489984,355.85983999999996,0.02464727701052043,135.38104489112277,7.386558441798318
42,COMPLETE,"[0.02442634434810335, 0.5637785294652446, 2.130478470795038]",1536,512,384,12,4,4,8,7nm,16,8,5914.544,3128.928,-259.68,-17.436221470534754,1536,512,384,12,4,4,8,7nm,16,8,124.32,0.21299269890928857,128,64,0.7031944444444445,6864.544,72616.112,2.130478470795038,3778.928,0.02442634434810335,1773.7461569324398,0.5637785294652446
43,COMPLETE,"[0.011193275855650593, 0.2410455196331759, 4.14928661116451]",1536,3072,256,24,4,8,2,3nm,32,16,15824.380799999999,16563.7056,-86.08000000000001,-17.758954480366825,1536,3072,256,24,4,8,2,3nm,32,16,169.92,0.21405938211553605,256,128,0.6962037037037037,16774.3808,370632.69664,4.14928661116451,17213.7056,0.011193275855650593,4148.5940146151825,0.2410455196331759
44,COMPLETE,"[0.00865941237226515, 0.18850138156627239, 5.647006643459407]",1536,512,256,24,4,8,4,5nm,32,16,39238.5504,29307.37536,-86.08000000000001,-17.811498618433728,1536,512,256,24,4,8,4,5nm,32,16,169.92,0.15109931485243444,256,128,0.6986342592592593,40188.5504,612628.27984,5.647006643459407,29957.37536,0.00865941237226515,5305.000906046012,0.18850138156627239
45,COMPLETE,"[0.005837566149616212, 0.21365355778055545, 8.364254012351951]",768,2048,128,16,4,4,8,5nm,32,32,51677.155199999994,38498.676479999995,-3.8400000000000034,-17.786346442219443,768,2048,128,16,4,4,8,5nm,32,32,124.16,0.1922470837602789,256,256,0.647361111111111,52627.155199999994,801785.2379199999,8.364254012351951,39148.676479999995,0.005837566149616212,4680.474364143773,0.21365355778055545
46,COMPLETE,"[0.021037557114088726, 1.6700084563927127, 2.3528158627126747]",256,2048,256,8,4,4,2,5nm,32,8,892.8735999999999,758.86464,-172.48,-16.32999154360729,256,2048,256,8,4,4,2,5nm,32,8,83.52000000000001,0.5324350106749461,256,64,0.6751851851851851,1842.8736,28463.350559999995,2.3528158627126747,1408.86464,0.021037557114088726,598.7993630643292,1.6700084563927127
47,COMPLETE,"[0.014357581365461544, 0.7065377185291385, 3.2241339620510456]",768,2048,512,12,1,4,4,3nm,32,32,3494.243200000001,3913.2864,-403.04,-17.293462281470863,768,2048,512,12,1,4,4,3nm,32,32,108.96,0.5514413833708076,256,256,0.8392592592592593,4444.243200000001,98578.76256000002,3.2241339620510456,4563.2864,0.014357581365461544,1415.3526043617144,0.7065377185291385
48,COMPLETE,"[0.01818046884603283, 0.6303589373736204, 2.823594523970902]",512,1536,384,8,4,8,2,7nm,32,16,7317.423999999999,3829.344,-295.36,-17.36964106262638,512,1536,384,8,4,8,2,7nm,32,16,88.64,0.36823597999508234,256,128,0.7057870370370372,8267.423999999999,87258.35199999998,2.823594523970902,4479.344,0.01818046884603283,1586.3977500921662,0.6303589373736204
49,COMPLETE,"[0.011968220587785386, 0.39297173670871244, 4.099778684106584]",768,1024,256,16,2,8,4,5nm,32,16,12977.148799999999,9782.757119999998,-131.84,-17.607028263291287,768,1024,256,16,2,8,4,5nm,32,16,124.16,0.27187843318046284,256,128,0.647361111111111,13927.148799999999,212622.44047999996,4.099778684106584,10432.757119999998,0.011968220587785386,2544.7122695779085,0.39297173670871244
50,COMPLETE,"[0.029034047263033026, 4.669400761965806, 1.9110176334451734]",256,2048,512,4,4,2,2,7nm,8,32,-286.288,-240.736,-443.68,-13.330599238034194,256,2048,512,4,4,2,2,7nm,8,32,68.32000000000001,0.8930431353897004,64,256,0.96,663.712,7376.1759999999995,1.9110176334451734,409.264,0.029034047263033026,214.16024260444988,4.669400761965806
51,COMPLETE,"[0.047804614851802235, 2.7812219486777527, 1.234373050149955]",1024,2048,512,4,4,2,2,7nm,8,32,-272.46399999999994,-206.176,-428.32,-15.218778051322246,1024,2048,512,4,4,2,2,7nm,8,32,83.68,0.8930431353897004,64,256,0.96,677.5360000000001,7521.328,1.234373050149955,443.824,0.047804614851802235,359.554188214076,2.7812219486777527
52,COMPLETE,"[0.03779837119603088, 3.5633312213272004, 1.4993927646349448]",512,2048,512,4,4,2,2,7nm,8,32,-281.67999999999995,-229.21599999999995,-438.56,-14.4366687786728,512,2048,512,4,4,2,2,7nm,8,32,73.44,0.8930431353897004,64,256,0.96,668.32,7424.56,1.4993927646349448,420.78400000000005,0.03779837119603088,280.6362748472031,3.5633312213272004
53,COMPLETE,"[0.017617844894853442, 16.891516777083822, 3.3974921184755322]",1024,512,512,4,1,2,2,7nm,8,32,-668.752,-448.864,-428.32,-1.1084832229161776,1024,512,512,4,1,2,2,7nm,8,32,83.68,1.7860862707794007,64,256,0.96,281.248,3360.3039999999996,3.3974921184755322,201.13600000000002,0.017617844894853442,59.20131467155559,16.891516777083822
54,COMPLETE,"[0.03937189201603849, 1.0419174576638075, 1.3468408531538667]",1024,2048,512,16,4,2,2,7nm,8,32,1307.696,642.656,-382.72,-16.958082542336193,1024,2048,512,16,4,2,2,7nm,8,32,129.28,0.48500354277502356,64,256,0.8137037037037037,2257.696,24377.007999999998,1.3468408531538667,1292.656,0.03937189201603849,959.7689266501062,1.0419174576638075
55,COMPLETE,"[0.020327276323081903, 16.368384220156727, 3.5101672592441693]",1024,2048,512,4,2,2,2,7nm,8,8,-702.544,-435.552,-428.32,-1.6316157798432727,1024,2048,512,4,2,2,2,7nm,8,8,83.68,1.2629537138523064,64,64,0.96,247.456,3005.488,3.5101672592441693,214.44799999999998,0.020327276323081903,61.09338506170678,16.368384220156727
56,COMPLETE,"[0.05047275642950938, 2.7812219486777527, 1.2076733194426486]",1024,2048,192,4,4,2,2,7nm,8,32,-299.664,-215.776,-108.32,-15.218778051322246,1024,2048,192,4,4,2,2,7nm,8,32,83.68,0.8930431353897004,64,256,0.96,650.336,7123.728,1.2076733194426486,434.224,0.05047275642950938,359.554188214076,2.7812219486777527
57,COMPLETE,"[0.05047275642950938, 2.7812219486777527, 1.2076733194426486]",1024,2048,192,4,4,2,2,7nm,8,32,-299.664,-215.776,-108.32,-15.218778051322246,1024,2048,192,4,4,2,2,7nm,8,32,83.68,0.8930431353897004,64,256,0.96,650.336,7123.728,1.2076733194426486,434.224,0.05047275642950938,359.554188214076,2.7812219486777527
58,COMPLETE,"[0.012637169671170947, 7.668887064590864, 3.7135327912802665]",512,1024,192,4,1,4,8,3nm,8,8,-495.42719999999997,-165.76639999999998,-118.56,-10.331112935409136,512,1024,192,4,1,4,8,3nm,8,8,73.44,0.7020624123974217,64,64,0.7766666666666666,454.57280000000003,10318.530240000002,3.7135327912802665,484.2336,0.012637169671170947,130.3970173999883,7.668887064590864
59,COMPLETE,"[0.014481575367292462, 0.21739295342515344, 3.389533468499543]",768,1024,192,12,4,8,8,5nm,8,32,19882.275199999996,14941.735679999998,-83.04,-17.782607046574846,768,1024,192,12,4,8,8,5nm,8,32,108.96,0.14679242959687508,64,256,0.7402314814814815,20832.275199999996,317642.58991999994,3.389533468499543,15591.735679999998,0.014481575367292462,4599.965105788452,0.21739295342515344
60,COMPLETE,"[0.008469463143668789, 5.498119738625937, 5.335674492076391]",256,512,256,16,1,2,4,3nm,8,32,-2.460800000000063,320.45439999999996,-142.07999999999998,-12.501880261374062,256,512,256,16,1,2,4,3nm,8,32,113.92,0.8141084222906858,64,256,0.5775925925925925,947.5391999999999,21474.839359999998,5.335674492076391,970.4544,0.008469463143668789,181.88036047572783,5.498119738625937
61,COMPLETE,"[0.01752037249324797, 13.575378891868935, 3.372871305594452]",1536,512,128,4,2,2,4,5nm,8,8,-691.7664,-401.54496,-34.08,-4.424621108131065,1536,512,128,4,2,2,4,5nm,8,8,93.92,0.9803242141524183,64,64,0.7966666666666666,258.23359999999997,4204.406559999999,3.372871305594452,248.45504,0.01752037249324797,73.66276904425531,13.575378891868935
62,COMPLETE,"[0.011653452689888212, 0.2258797584059242, 4.427355301116284]",1536,1536,256,32,1,8,8,7nm,16,32,35141.936,18950.496000000003,-55.68000000000001,-17.774120241594076,1536,1536,256,32,1,8,8,7nm,16,32,200.32,0.18689547449301297,128,256,0.6849652777777778,36091.936,379898.928,4.427355301116284,19600.496000000003,0.011653452689888212,4427.134184387249,0.2258797584059242
63,COMPLETE,"[0.03256788452798334, 1.9846594706434137, 1.697693588464141]",512,3072,384,16,2,2,4,7nm,16,8,463.7919999999999,205.4079999999999,-264.96000000000004,-16.015340529356585,512,3072,384,16,2,2,4,7nm,16,8,119.03999999999999,0.5179352061383659,128,64,0.7135185185185184,1413.792,15471.215999999999,1.697693588464141,855.4079999999999,0.03256788452798334,503.86477619548833,1.9846594706434137
64,COMPLETE,"[0.02352828502577226, 0.8666597732041754, 2.225402032355496]",1024,1536,256,16,1,2,8,7nm,32,16,3665.2,1917.792,-126.72,-17.133340226795823,1024,1536,256,16,1,2,8,7nm,32,16,129.28,0.5104711565939429,256,128,0.734537037037037,4615.2,49041.2,2.225402032355496,2567.792,0.02352828502577226,1153.8553316059024,0.8666597732041754
65,COMPLETE,"[0.008628257278069058, 2.1700390424669336, 5.839896576263051]",256,512,64,12,2,4,8,12nm,32,8,8224.368000000002,2041.1481600000002,34.72,-15.829960957533066,256,512,64,12,2,4,8,12nm,32,8,98.72,0.3420261971387164,256,64,0.5454012345679012,9174.368000000002,53408.37520000002,5.839896576263051,2691.14816,0.008628257278069058,460.82120202924307,2.1700390424669336
66,COMPLETE,"[0.039038311001257923, 0.8192170393651672, 1.3665573085454221]",768,3072,384,24,4,4,4,12nm,8,8,4325.552000000001,1018.1260800000002,-229.44,-17.180782960634833,768,3072,384,24,4,4,4,12nm,8,8,154.56,0.22366563817451823,64,64,0.6376851851851852,5275.552000000001,31268.71280000001,1.3665573085454221,1668.1260800000002,0.039038311001257923,1220.6777348954147,0.8192170393651672
67,COMPLETE,"[0.008572790662216705, 1.6058787647587893, 5.976001611902296]",256,512,384,24,2,8,2,7nm,16,16,5891.504,3071.328,-239.68,-16.39412123524121,256,512,384,24,2,8,2,7nm,16,16,144.32,0.36236495314915185,128,128,0.4858950617283951,6841.504,72638.192,5.976001611902296,3721.328,0.008572790662216705,622.7120140979041,1.6058787647587893
68,COMPLETE,"[0.009292265355206471, 1.1307968666500998, 5.134878009733626]",256,1024,128,16,1,8,8,3nm,16,8,3341.6928000000007,3890.937600000001,-14.079999999999998,-16.8692031333499,256,1024,128,16,1,8,8,3nm,16,8,113.92,0.29003606755895983,128,64,0.5688425925925925,4291.692800000001,95168.62624000001,5.134878009733626,4540.937600000001,0.009292265355206471,884.3321285125456,1.1307968666500998
69,COMPLETE,"[0.01395537453378423, 1.0021184445949198, 3.610042387857417]",1024,512,128,32,4,2,8,12nm,16,8,11277.999999999998,2952.4108800000004,62.079999999999984,-16.99788155540508,1024,512,128,32,4,2,8,12nm,16,8,190.07999999999998,0.20653078119365997,128,64,0.5609143518518518,12227.999999999998,71505.5,3.610042387857417,3602.4108800000004,0.01395537453378423,997.8860337255082,1.0021184445949198
70,COMPLETE,"[0.031734300040749876, 0.8607990703980287, 1.4766050844111898]",1024,1536,192,8,4,4,4,3nm,8,16,692.8223999999998,1065.3888,-93.11999999999999,-17.139200929601973,1024,1536,192,8,4,4,4,3nm,8,16,98.88000000000001,0.35283405436366144,64,128,0.76875,1642.8223999999998,36607.433919999996,1.4766050844111898,1715.3888,0.031734300040749876,1161.7112917392042,0.8607990703980287
71,COMPLETE,"[0.023677592785584484, 1.033958956718247, 2.179400857050753]",768,1024,512,16,2,4,8,12nm,8,16,6006.832,1457.8214399999997,-387.84000000000003,-16.966041043281752,768,1024,512,16,2,4,8,12nm,8,16,124.16,0.27187843318046284,64,128,0.647361111111111,6956.832,40846.904800000004,2.179400857050753,2107.8214399999997,0.023677592785584484,967.1563784059363,1.033958956718247
72,COMPLETE,"[0.018776002208988205, 2.967365238897677, 2.6885050727639044]",256,2048,256,8,2,2,8,5nm,8,16,202.2367999999999,256.02431999999976,-172.48,-15.032634761102322,256,2048,256,8,2,2,8,5nm,8,16,83.52000000000001,0.54894379103355,64,128,0.6351851851851851,1152.2368,17948.405279999995,2.6885050727639044,906.0243199999998,0.018776002208988205,336.9992971850955,2.967365238897677
73,COMPLETE,"[0.027021778587540114, 1.7538778723093325, 1.9794102907016573]",512,2048,384,16,1,4,4,12nm,16,16,2595.2479999999996,478.5907199999999,-264.96000000000004,-16.24612212769067,512,2048,384,16,1,4,4,12nm,16,16,119.03999999999999,0.5247202238010745,128,128,0.6951851851851851,3545.2479999999996,21100.2072,1.9794102907016573,1128.59072,0.027021778587540114,570.1651271096198,1.7538778723093325
74,COMPLETE,"[0.02622617963796604, 0.688701192730321, 1.877378294482214]",1536,1024,256,32,4,2,2,5nm,8,32,2625.1232,2075.9692799999993,-55.68000000000001,-17.31129880726968,1536,1024,256,32,4,2,2,5nm,8,32,200.32,0.37056464300211395,64,256,0.6969444444444445,3575.1232,55364.85072,1.877378294482214,2725.9692799999993,0.02622617963796604,1452.0085206118936,0.688701192730321
75,COMPLETE,"[0.01743089211561261, 0.4896161471457844, 2.715570962780949]",512,3072,192,12,1,8,8,3nm,16,16,4342.5632,4896.326400000001,-88.16000000000001,-17.510383852854215,512,3072,192,12,1,8,8,3nm,16,16,103.83999999999999,0.302692135727234,128,128,0.696358024691358,5292.5632,117172.21856,2.715570962780949,5546.326400000001,0.01743089211561261,2042.4163006663414,0.4896161471457844
76,COMPLETE,"[0.01034233646521762, 3.516663882210253, 4.862892330947799]",256,512,192,24,2,4,2,12nm,8,32,3683.696,732.8140799999999,-47.68000000000001,-14.483336117789747,256,512,192,24,2,4,2,12nm,8,32,144.32,0.4896217953618199,64,256,0.532283950617284,4633.696,27494.7944,4.862892330947799,1382.8140799999999,0.01034233646521762,284.3604147267812,3.516663882210253
77,COMPLETE,"[0.024457515850471817, 0.608179482401549, 2.1129097167012154]",1536,3072,512,8,1,4,8,12nm,32,32,10605.616000000002,2824.15488,-402.88,-17.39182051759845,1536,3072,512,8,1,4,8,12nm,32,32,109.12,0.4846176786689974,256,256,0.815,11555.616000000002,67228.88240000002,2.1129097167012154,3474.15488,0.024457515850471817,1644.2514569075063,0.608179482401549
78,COMPLETE,"[0.04015765190735909, 2.2475998304993, 1.4404763025037879]",1536,1024,192,16,4,2,4,12nm,8,8,871.6639999999998,-9.104640000000018,-52.48000000000002,-15.7524001695007,1536,1024,192,16,4,2,4,12nm,8,8,139.51999999999998,0.3598254462200573,64,64,0.7391666666666666,1821.6639999999998,11079.3096,1.4404763025037879,640.89536,0.04015765190735909,444.91905829066195,2.2475998304993
79,COMPLETE,"[0.01514206032212807, 0.34432797210116106, 3.292289095529]",512,1536,192,24,2,8,8,5nm,16,8,11599.2416,8911.491840000002,-42.56,-17.655672027898838,512,1536,192,24,2,8,8,5nm,16,8,149.44,0.16529278480672785,128,64,0.583804012345679,12549.2416,191797.40335999997,3.292289095529,9561.491840000002,0.01514206032212807,2904.2078513046486,0.34432797210116106
